{
  "__comment": "Instructions: https://mods.blakebr0.com/docs/cucumber/tags-config",
  "forge:ingots/constantan": "thermal:constantan_ingot",
  "forge:ingots/tin": "thermal:tin_ingot",
  "forge:ingots/bronze": "thermal:bronze_ingot",
  "forge:ingots/copper": "thermal:copper_ingot",
  "forge:ingots/electrum": "thermal:electrum_ingot",
  "forge:silicon": "refinedstorage:silicon",
  "forge:ingots/silver": "thermal:silver_ingot",
  "forge:dusts/saltpeter": "immersiveengineering:dust_saltpeter",
  "forge:ingots/steel": "mekanism:ingot_steel",
  "forge:ingots/platinum": "kubejs:platinum_ingot",
  "forge:ingots/lead": "thermal:lead_ingot",
  "forge:ingots/graphite": "bigreactors:graphite_ingot",
  "forge:ingots/uranium": "mekanism:ingot_uranium",
  "forge:ingots/aluminum": "janoeo:aluminium_ingot",
  "forge:ingots/mithril": "null",
  "forge:ingots/iridium": "null",
  "forge:ingots/zinc": "janoeo:zinc_ingot",
  "forge:ingots/invar": "thermal:invar_ingot",
  "forge:ingots/chrome": "null",
  "forge:ingots/titanium": "null",
  "forge:rubber": "null",
  "forge:dusts/sulfur": "thermal:sulfur_dust",
  "forge:ingots/nickel": "thermal:nickel_ingot",
  "forge:ingots/lumium": "thermal:lumium_ingot",
  "forge:ingots/signalum": "thermal:signalum_ingot",
  "forge:ingots/enderium": "thermal:enderium_ingot",
  "janoeo:aluminium_ingot": "null",
  "thermal:electrum_ingot": "null",
  "thermal:invar_ingot": "null",
  "forge:gems/apatite": "thermal:apatite",
  "forge:dusts/niter": "thermal:niter_dust",
  "forge:gems/ruby": "thermal:ruby",
  "forge:gems/sapphire": "thermal:sapphire",
  "forge:ingots/tungsten": "kubejs:tungsten_ingot",
  "forge:ingots/brass": "create:brass_ingot"
}